channel_id,last_checked,cached_videos
UCJfJWct8jN1RpCuVWk3zHTA,2025-10-31T16:13:56.710126,H0FmLGhF8fc;Fganua0hk58;Mb6jBRw9YLY;OsO3A5tsyW4;rj7dXKu82Kk
UC6KbJVFIL97N4N9sNd_HZxQ,2025-10-31T16:13:57.882108,aX_oxvQIkRM;acVZNJEXrlA;-EC8T2mA3nM;HSpIRajHfLI;pSMh72rNVh4
UCECtTRy8ZqdD9XSt79Q7i3Q,2025-10-31T16:13:58.804111,tNIbS2PyFXA;E7Q6e_A9Sc8;r1-zvaEwFLk;xENFkoPjU44;ONPfzpAsx6Q
UC8f2CDyLibpGYSN3O2LfDwg,2025-10-31T16:13:59.771944,YK5Oi7YuFP8;pKF1D-vrzS8;U5lH23oLIc8;5sQVpQnuLGc;FcTYHeZMbRs
UCBriTgjiwqKKcfjOYuzO_bA,2025-10-31T16:14:00.841312,TeQXYQLdJ2w;lUE3xpgd8n8;JothDBpbNEY;ZV3WVq78D7g;XLdaMFqyiQk
UCnoXQZ4krtA96huhCSQkMeg,2025-10-31T16:14:01.908827,2rTmxMJzhdA;g9fzgLsZdTQ;L543uxwvv34;NQwtip_DDxs;fnCaw6jCdNc
UCGfUuxBzB8E30XjCjOvji2w,2025-10-31T16:14:02.767654,MyfrXbIU7D8;OK36MZHPMCE;pwrEEwfk_xg;_TJkQPRA8-4;oP1DXObRI6U
UCRzScB0a-dc6OCYYZlP9qpA,2025-10-31T16:14:03.640567,mYMB8LIJ4lg;wnRZPXvxC7Y;UDHRo5Kqoxk;w59rYo__fBc;4nMOjyTuxi8
UCN_BLhSa13GWTOZGglrnIZA,2025-10-31T16:14:04.070544,cs9u5SLPtwU;5j0kK6jOslc;SNpL_81uyC4;fmdYlhHSd1Y;EVsdyvmPO04
UCwVEhEzsjLym_u1he4XWFkg,2025-10-31T16:14:04.941968,cNgjjckWAmE;EUfCizYklCY;E-TFgPHwqEk;eBlVlzJRsA4;HgS5rlDa2-I
UC-KNOeH9Cz2Ch3HMujlaTow,2025-10-31T16:14:05.506138,ZklkNYf5j9s;8aQu101JZIY;lBm6u5shuu8;iKkC5RvbP9I;Wt7ziin73_U
UC7HAOdk0vxU7LBnw8OaPVTQ,2025-10-31T16:14:06.387746,nOBIwpsViL4;8Bv9Oeobq1c;HLGiydM5qgo;X5Ya6Z1lnaM;QJUP57SZopQ
UCAhDiBHb37Nyr5RlfUJjlOg,2025-10-31T16:14:07.326050,N_dKQdIK7iM;5ROmXE2dpJw;4gvJpne0RJs;_VP9hv73wPo;UReRK2Cuzdk
UCJl0tWpFjglusc0LC_JuB8A,2025-10-31T16:14:08.429830,dBODdvo9FWo;GmkHYyZju8o;ceX2kpCDKpo;GYaOIfUV2T0;bmeo08pcpIk
UCGOR7gZunIWOnKuX1cC0bEg,2025-10-31T16:14:09.528816,eBhpVuMvcKE;W2dTnWZ5Ztc;r6i90-cZ8QA;1N2Idez7M7A;IczE5RpCgUI
UCjJE4Aj8YGun0wJ3S7W-RsA,2025-10-31T16:14:10.946474,aTX_jw5Qcxw;XGMlLGZVcDU;eoAP4NrI5xc;AhbLlBRehwc;jstLBxZbd9Q
UCZIv78thfup6-JB5HxqT3Pg,2025-10-31T16:14:11.919905,teZ99hbyMi0;OFjgBk6iOzk;HzaN-F4V3i0;enmQSVfE13Q;rL8txb8UQWM
UCJLFizUO3gCQnyiYKMYvUgg,2025-10-31T16:14:13.296899,Rd15aW6Jcg0;tJ2kbPeg3nE;xI6Nr3gv5Ho;48XSHYd_dHo;zPCYMDwAraE
UCulsxDuZ0gU8lzhpPAjUwUg,2025-10-31T16:14:14.233077,i6LzpSTAs1M;tTCw8v9nuxE;8gjndGUApg4;5P7cdYOxrsk;5GM1UrRGX3c
UCAL3JXZSzSm8AlZyD3nQdBA,2025-10-31T16:14:15.855228,y8o7qkmiDso;XD4jvdjAMA8;ebgrsldLIvI;Mva31J6qpqM;1799Rqn71A8
UC7YCCpoJ2NKfGHh-u1RzOKg,2025-10-31T16:14:16.003350,
UC_GxflydPlgA4W322NFL8GA,2025-10-31T16:14:16.242169,vUXwyH5OjMM;oi9Vi61uQdw;Hyi92eIj_mc;BAOu9W2W_yA;GRsFgbnUL-Q
UCIb7yjPOgB6V2ivCjggAeGw,2025-10-31T16:14:16.824168,t1_815vG5Tw;yaMkra733yk;mRSu0mzHFGY;YzvyDedp8Is;b4m4zHuqR4A
UCUOxOw2_LLQdaQsuADMTwSQ,2025-10-31T16:14:17.282634,V9YlSNe1OrQ;fRHV52KjlYg;yIPkPWZjpCk;S2L3ltgZu38;NHAKRPpzc7Q
UCMKiz_o3aL4VRRTaWssH9Eg,2025-10-31T16:14:17.842073,tDYfOB_ST6U;_6bXgbJ8UNs;olU9mG5tJXY;2_uJFD5IpaQ;rHjrR0AQiyk
UCcuAyARdUJ-u9bNd4niRZPQ,2025-10-31T16:14:18.452367,m4re-7kJsmg;h1-N_C17cHw;A_eTKSh9kBc;mLGpkeirKwQ;SSEfR3qUFyY
UConftcfQucylbUAgcmIH5JA,2025-10-31T16:14:18.710747,aktcoxrxmVY;IfpHoilmhg0;YI8cZSSWf8M;bEl0_qYOWj8;ygZX32H1lbo
UCk_ZLT_b9ruhLRMD-MCoexw,2025-10-31T16:14:19.012844,heBRuAWUBpg;XH-Qfes0oL4;ewhfpzjxd8A;vULsLAF2h2U;tppMVMwqiGo
UCJ4cRs9MslAx0_9V5O1s6JQ,2025-10-31T16:14:19.422543,3dWQmNlHzjw;7iqkOxUbnQk;9jF6WlXAyGU;ILdKr68CGv4;khVw3wkg40A
UCPY3uw5Rdo0WnN7yvaNiH5A,2025-10-31T16:14:19.793673,ztrKT5sPCb0;sTREd6gkYto;FbgtkJtKqps;a0U_04bacow;o4WzudfKqYQ
UCrYzLMK36U0kA_G6C-sOKyw,2025-10-31T16:14:20.150203,TTqdn0OMLsM;FB5C2qYAZxk;Ri9CJFGgAzk;y3wF9RFW_SA
UCeJTH9QPIETd60Ud1_amPAA,2025-10-31T16:14:20.568960,ilcWeiSxR_g
UCZp0Oc40KKSQ0syVKrtqhBg,2025-10-31T16:14:20.861802,IEGbJUiSjBE;emb-nn1Sfb4;s_iN2_ENYLE;IlmdhblQkN0;DJhJeMfFDZg
UC8ZTkgfsHyQZOhqdnLXOzFA,2025-10-31T16:14:21.171397,zYr0ROLT9NU;3aNoZ_65xrY;CQ41q1zbUSc;CF3sTnupm0w
UCsmGxMT4k6G8Q20Q9_seAIg,2025-10-31T16:14:22.175724,THeuwjiC5dA;H5vQW2WW4ws;pSQAP_flrBw;jJd98tI0FJw;id9gCb2llV0
UCbKCLQZpGlPzd7YxgT3hEKA,2025-10-31T16:14:22.526178,c-5fO13pdP0;c1TKoApXIu0;MendZWgFf8w;q30ZLCeMXkU;qQox9QRd9Kw
UCrTiyHMJwQpFktB6lb2554A,2025-10-31T16:14:22.768723,A3wM7VxQeuY;s_hueBrdiyc;u5K67wBmhtg;DaVv7dwKQiE;TA09yx3npYY
UCyDubmc7ZzmPeHIcHoS3QaA,2025-10-31T16:14:23.174942,nHCj0SYTDQ0;iKBtVBQsjH4;YttF02mNazo;cM8RLYUkhjQ;ud7TuhVFvwc
UCXe0co3-1r--XrYZGrJ8xYA,2025-10-31T16:14:23.550460,KuaaPA1RB8c;iyfRXLeT6XU;I-0hMegaJGA;3FC9kj3SvxE;gVsokqgGVps
UCNzu4MMLtbFswWhLooraoaQ,2025-10-31T16:14:24.195045,479UNuNdjVQ;wgFN8d3neBI;Ziy_gYbVUW0;sA6k1NvS2mY;OQNKIGUy_hs
UC8pB9jTfqiTKpYHQB408xVw,2025-10-31T16:14:25.168392,Wbx-bpmqNI4;7rVs9-I6pgM;n2PfY0DbJkw;SoU-eZp0oFc;-sqAFSISOOY
UCFnExFCkTIUsAg7HMkH2p9A,2025-10-31T16:14:25.959170,t-HomosECCE;xkkMzA2JHS4;ms_RNsVu1Zo;T1M2_mVAGZE;B0pX9WC3RPY
UCokuz-roXUzi6bQ9YhzdQyg,2025-10-31T16:14:26.703491,OLTsaeQ6en8;dxEfnt1JqQ4;LU84xTS4BBY;6aAzW7YGjUw;SZEnB3yoEr8
UCF9WLuSbarWfL-a7v2I4aiw,2025-10-31T16:14:27.785172,p2jdzB2riU0;d95jwxkfiPA;MQJU_5S94mY;QLA6LHwPIc4;HAApT1xtUfU
UCYuQQEhi03X5BNCU6S2rrog,2025-10-31T16:14:28.700347,vyifM_HajQM;t5pLSw9j99E;7WEtbGDexng;KPlPL3XEz4I;bQtdugBtdcg
UCXK9Nv2Y7B_FQlJNca5yyqw,2025-10-31T16:14:29.763384,z9FaUKmppIc;e7CqQxgctD8;bYM7-O6zgoY;Mjof35UbwwU;VkIQIndRjnA
UCSqiD4XuBNE1p_sbepo73iQ,2025-10-31T16:14:30.384732,ibT44MCQT6Q;J4l8GhUu7so;3g_nhAuQGMs;8TbOFGBHBSY;qprCJbwrIC8
UCx78sq8PDK_rn2fI2nJdm9A,2025-10-31T16:14:30.628914,KBLej2jOhBg;w60uXLSKydM;YgBRmcov35k;6znXJ0_B7Ow;PrSnXtkf_FU
UCNCXZKOQDxWF1Y1gPBPPJAA,2025-10-31T16:14:31.287310,vRAFXB68iFw;JgSpdXpEXB0;FnojTOa5Hws;3HzmeXmHS8w;4nSHnfQKxfc
UCZQQmCXkMCLAPlyGrL5QWzA,2025-10-31T16:14:32.337202,1bj2C9LbLbI;0dXbtEO4tdQ;0HfGnmhf1RE;qNnGsPyvNzM
UCCpXy4y4McbV9Aege_yPASg,2025-10-31T16:14:33.366566,pk2UKw4UoaM;t9ewE4rpZb0;6Kl_fGjgpSQ;BhlWUkwZoRo;f8Kfb8oUfNc
UCPDJRvXZF30b_Qu_2sOMP2A,2025-10-31T16:14:33.732237,5QTfjTiP0n4;K3D_bx6F66o;XLFLbGyjQns;E07amDlSb4s;HFagC3wmqYM
UCB4hmXg3k8-KN9w8GCGX2ZA,2025-10-31T16:14:34.696201,iUmA0g2SRlQ;FbayjIpx_vc;4ftDdKAtJ2c;XS4hGgK9scg;L7S3nb5fHLI
UC41-B_gUF1mHBa8x_slD7ag,2025-10-31T16:14:35.158364,7Y8vVeg2CAY;VLYE3DODgK0;z_P8Q8O6KEE;xeYOxI80X88;we-FeONcHBY
UC0OxH9i-OSS8vNV_rrKcHyQ,2025-10-31T16:14:36.043312,TqMrH9_pulA;DBbPOZJc5pk;oJ_va_9crUw;hWpAGTFSuJI;Gd2Ekt7Xk2E
UCUkA5rTSTnXoBUVaNVsG1XA,2025-10-31T16:14:36.377331,Zsz1tooBi1c;Mpis249V7D8;_LN5nMjVwM4;aW1ETyFyw8U;BbaIjW-euE4
UCwsMNLjC6XQnXo_b_-kMy8Q,2025-10-31T16:14:36.516261,
UCNaV9nhVuyfS-D3XNIHj_GA,2025-10-31T16:14:36.797872,EwAM27iovq4;DBxR0XTCx_c;m89jHe8vKfM;C9Jn5yT9jEg;z9ZwuoifIQI
UCyDymklPNMrOXKc3BG1dtBQ,2025-10-31T16:14:37.665409,QiSfvlMlL70;HGQDdC2NBcg;Pm2237DNZnc;AhWWLh7vzSE;dE9VG6kBvj0
UCEd_Fj-_VlXG-BiXpJ69Wfg,2025-10-31T16:14:38.365192,p34wHXuTGpk;Dzjafr9TOWo;71ZXfpUAT7E;mPA3RoxtO2Q;LjOlRbkBd9w
UCEgdi0XIXXZ-qJOFPf4JSKw,2025-10-31T16:14:38.516728,
UCNmYRbnCsqYSO3vRKteKwHA,2025-10-31T16:14:38.732632,
UCcE169gw8kJCzyCJZXb7DQw,2025-10-31T16:14:38.943044,
UC-9-kyTW8ZkZNDHQJ6FgpwQ,2025-10-31T16:14:39.173205,
UClHK1abUS7LLiAqrifwOw9w,2025-10-31T16:14:39.377058,
UCOpNcN46UbXVtpKMrmU4Abg,2025-10-31T16:14:39.524738,
UCG1QXvv8CME3I6yts0IevTA,2025-10-31T16:14:39.864963,ZULzaM6idrk;ezTUtv0tUN4
UCi9ACGG8NptsQhaMyezITEw,2025-10-31T16:14:40.188589,sJ1z5LscRhk;2Q9JB81_Dgo;pnzsyNoz5NE;ANpM7ZCP4Cg;Zgppv9A8GrA
UCZDi95PJ6VmWtQAScA9Rh-w,2025-10-31T16:14:40.946887,m4_rFt695LU;hCsmySgZSRQ;-Fh3CaTCKmA;DpoAXTzrKjk;7_b9zEH63Cs
UCJ9hfZ2sU7jFT9isA2rN58Q,2025-10-31T16:14:41.808614,aDXttPgEk0A;wKF69JVPqbQ;txo6PuVres0;qGZETvhPLig;q4fm1vQbxtQ
UCeY0bbntWzzVIaj2z3QigXg,2025-10-31T16:14:42.421189,v5jt0KCihWc;KDJiXwhkotw;rQ6Bqv5YjfE;1bFSIE_GbDY;FClVNnUbhgs
UCV1wDrghZcIGo6CuMUSCu2w,2025-10-31T16:14:42.783058,7QYL0xhcoZ4;YyeK4R9l_8w;aLnuwqIXKCI;odAnymUZoq0;y4lyLvwGLik
UCEPL07qzVsOcHd3sMUws65g,2025-10-31T16:14:44.137840,5l5ae69IHLw;oueH-h21jaQ;5Fji1uxAPGg;NrzJGTfmpUc;YY7erc10tLM
UCBIT1FSJW6yTlzqK-31FDWg,2025-10-31T16:14:44.356875,
UCpdSUUHlxMjO0c5824FGcsA,2025-10-31T16:14:45.175689,soUyBdMn1W8;UGKV8ZGZfyw;pI87Ih1v5Ek;F3jruJTVhdA;2m9c6Gq-iCo
UCJGanRdrtdqYlDPoBEM_C_A,2025-10-31T16:14:45.976120,Bo4ax5tvPHY;Kf6QGpxzrxk;-fXD84YpdNs;Fr8ac3hH-ns;Oy6nvkjZYf4
UCXuqSBlHAE6Xw-yeJA0Tunw,2025-10-31T16:14:47.409129,9yanqmc01ck;MEoDCBuKtqs;STBSUasnJ5s;kEKtutQmjm8;cEL_RNegBGc
UC_vt34wimdCzdkrzVejwX9g,2025-10-31T16:14:47.912762,Kkym6rN_9eo;empbYk1B8Ms;cM8NxIIPSB8;0xfNk2TwDac;0k2brgsqpxo
UCRmDJhK_ocN5jXBRIEAyNXg,2025-10-31T16:14:48.345504,_tlbzt9UZns;mXOe_dkHAvE;EvuvvneeHpY;NruoMPWKfKA;tVPfJ3gurIM
UCvO9Xk3bheuxEemvknCj72g,2025-10-31T16:14:49.120476,wa3yHifNz-U;MeeIEdOtk-o;WN1ahH3sqbY;ZjGw3tb18ss;Uou2zIHhue0
UCMPpVtxOI8RtfurfvCcxgyA,2025-10-31T16:14:49.864841,VgziPEFrIUs;9gF9s46Od18;HRmudPq7voo;6WcsC6oK8-w;aLzs-p8J9s4
UCET00YnetHT7tOpu12v8jxg,2025-10-31T16:14:50.562145,V9MFYlcRleo;VzU5iZp_6I8;sA7E3dTnS9I;3k9Yuvdt5XM;98jFL1kXnQ8
UC8ggH3zU61XO0nMskSQwZdA,2025-10-31T16:14:51.463938,tbFmLh7v9Mw;L5drIAL3sC8;e1lFUypTWIE;ykzEtsE_IS4
UC8uE3-jzdXvyz_vwH8An6Rg,2025-10-31T16:14:52.308907,k8ulfxZD280;hO4fL5SL8Cg;Vzxte2_berI;m1kV_C094ec;c9PUuVKUH0U
UCoMdktPbSTixAyNGwb-UYkQ,2025-10-31T16:14:52.830460,8y6rDi7NIew;7WahbSP26TY;YKklPgoRtaA;NkO3DC9Ip44;NBUDAPaQmdQ
UCvlVuntLjdURVD3b3Hx7kxw,2025-10-31T16:14:53.565604,mI7-rocXeSg;fqBjdHt9HsQ;rqVFSQQ40lA;k789-xcC16w;Npin4ZCQTak
